Position,Company_name,Address
Site Reliability Engineers (SRE),UBA Solutions,"Imadole, Lalitpur"
Principal Engineer,UBA Solutions,"Imadole, Lalitpur"
Senior Software Engineer,UBA Solutions,"Imadole, Lalitpur"
Senior Software Development Engâ€¦,UBA Solutions,"Imadole, Lalitpur"
DevOps Engineer,CloudHero,"Kathmandu, Nepal"
Application Administrator,Hitachi Energy,"Kathmandu, Bagmati, Nepal"
Client Support Intern,Aayulogic,"Lalitpur, Nepal"
"IT Officer (Page Making, Designâ€¦",Millsberry School,"Bansbari Road, Kathmandu"
ASP.Net Developer,SuryaJyoti Life Insurance Company Limited,Corporate Office
Senior Web Developer,Binyan Studios,Dillibazar Kathmandu
Laravel Software Developer,Careboarding Technology,Remote
Full-Stack Software Developer,EARTHWORKGURU,Remote
R&D and Delivery Leader,Hitachi Energy,"Kathmandu, Bagmati"
Senior Full-Stack Software Engiâ€¦,Digital Mantras,"New Baneshwor, Kathmandu, Nepal | Remote/Hybrid Options Avaâ€¦"
Senior Mobile Developer (React â€¦,AeriTech,Kupandole (Onsite)
NodeJS Developer,Citizen Infotech,Kathmandu
Senior Project Sales Manager,Jovision Nepal,"Kathmandu, Nepal"
Support Intern,Synergy Tech Software,"Pulchowk, Lalitpur"
IT Officer,Global College International,"Mid Baneshwor, Kathmandu"
Senior Python Engineer - AI/ML,Javra Software,"Nakhu, Lalitpur"
Front-End Developer,Yarsa Labs,Kathmandu
DevOps Engineer,Yarsa Labs,"Kathmandu

                                    ,
                                
                                    Pokhara"
Back-End Developer,Yarsa Labs,"Kathmandu

                                    ,
                                
                                    Pokhara"
React Native Developer,Yarsa Labs,"Kathmandu

                                    ,
                                
                                    Pokhara"
Network Support Engineer,Green Cube Technologies,Kathmandu
Go Lang Developer,Prithak Creation,"Nakhipot, Lalitpur, Nepal"
Sr Java Developer,Verisk,"Kathmandu, BÄgmatÄ«, Nepal"
"Full-stack Engineer, Digital Veâ€¦",Makro PRO,Remote
Full Stack Engineer,Globaly Hub,"Kathmandu, BÄgmatÄ«, Nepal"
ML Python Developer,Exosolve,"Pokhara, GandakÄ«, Nepal"
Associate Go Developer,CodeDuo,Remote
Unpaid Flutter Intern,Next Coach,Remote
Wordpress Developer,Nectar Digit,"Kathmandu, BÄgmatÄ«, Nepal"
Wordpress Developer,Sterling Wells Nepal,"Kathmandu, BÄgmatÄ«, Nepal"
Senior Software Engineer,PortPro - Asia,"Kathmandu, BÄgmatÄ«, Nepal"
Wordpress & SEO Intern,Inflancer Technology,"Kathmandu, BÄgmatÄ«, Nepal"
Webflow Developer,IT Service Nepal,"Biratnagar, Kosi Zone, Nepal"
Network Engineer,Netfiniti Pvt. Ltd.,"Kathmandu, BÄgmatÄ«, Nepal"
Wordpress Developer,Open My Network,Remote
Android Developer,Citytech,"Kathmandu, BÄgmatÄ«, Nepal"
Management Information System,Gandhi & Associates,"Anamnagar-29, Sahayog Marga, Kathmandu"
Shopify & WordPress Developer,YantraCore,Remote
RUST Developer,Next Generation IT Solutions Pvt Ltd,"Kathmandu, BÄgmatÄ«, Nepal"
Technical Product Manager,Aloi,"Kuleshwor, Kathmandu"
Senior Front-End-Engineer (m/f/â€¦,ITONICS - The Innovation OS,"Kathmandu, BÄgmatÄ«, Nepal"
Senior iOS Developer,Veel,"Kathmandu, BÄgmatÄ«, Nepal"
Senior Software Engineer (Ruby â€¦,TechKraft Inc.,"Lalitpur District, Nepal"
Node.js Developer,Wisdom Technologies,"Nikhleshwor Marga, Koteshwor-32, Kathmandu"
ERP Functional Consultant,Raindrop Inc.,"Kathmandu, BÄgmatÄ«, Nepal"
Java Software Engineer,Fuji Tech Nepal Pvt.Ltd.,"Kathmandu, BÄgmatÄ«, Nepal"
Full Stack Engineer,GAG Cyber Technologies,"Kathmandu, BÄgmatÄ«, Nepal"
Senior Java Software Engineer,PROSHORE ğŸš€ ready-to-code dev teams,"Kathmandu, BÄgmatÄ«, Nepal"
Senior Flutter Developer,Veda Studios,"Nikosera, Bhaktapur"
Mobile Application Developer,Buddha Tech,"Kathmandu, BÄgmatÄ«, Nepal"
Dot Net Developer (Data),Verisk,"Kathmandu, BÄgmatÄ«, Nepal"
Data QA Engineer,F1Soft International Pvt. Ltd.,"Kathmandu, BÄgmatÄ«, Nepal"
AI/ML Engineer,Vacancy Nepal,"Kathmandu, BÄgmatÄ«, Nepal"
Wordpress Developer Intern,Inflancer Technology,"Kathmandu, BÄgmatÄ«, Nepal"
Senior PHP Developer,3 Bird,"Kathmandu, BÄgmatÄ«, Nepal"
Frontend Developer (VueJs),Tekkon Nepal,"Kathmandu, BÄgmatÄ«, Nepal"
PHP Developer,Unlimited Remit,"Kathmandu, BÄgmatÄ«, Nepal"
Technical & Non-Technical Suppoâ€¦,Yoddhalab Pvt. Ltd.,"Kathmandu, BÄgmatÄ«, Nepal"
Software Integration Engineer,Maitri Services,"Kathmandu, BÄgmatÄ«, Nepal"
FullStack Developer,CodingMountain,"Kathmandu, BÄgmatÄ«, Nepal"
Enterprise Technical Server & Nâ€¦,Max International,"IT Plaza, Kamaladi, Kathmandu, Nepal"
System Trainee,DataHub Nepal,"Kathmandu, BÄgmatÄ«, Nepal"
